{"name":"ReturnItemReasons","identifier":"ZROG2I9VO6","description":"Recognizes words that represent a reason for item return.","slotTypeValues":[{"synonyms":[{"value":"bought wrong item"},{"value":"mistaken purchase"},{"value":"ordered by mistake"},{"value":"wrong item"},{"value":"wrong item delivered"},{"value":"received a different item"},{"value":"received the wrong item"},{"value":"incorrect item"},{"value":"incorrect delivery"}],"sampleValue":{"value":"wrong item"}},{"synonyms":[{"value":"not needed"},{"value":"not required"},{"value":"don't need"},{"value":"don't need"},{"value":"I don't need it"},{"value":"don't need it anymore"}],"sampleValue":{"value":"no longer needed"}},{"synonyms":[{"value":"wrong description"},{"value":"description and product do not match"},{"value":"inaccurate description"}],"sampleValue":{"value":"description mismatch"}},{"synonyms":[{"value":"wrong purchase"},{"value":"bought by mistake"},{"value":"purchased by mistake"}],"sampleValue":{"value":"incorrect purchase"}},{"synonyms":[{"value":"item is of bad quality"},{"value":"quality not good"}],"sampleValue":{"value":"bad quality"}},{"synonyms":[{"value":"other reason"},{"value":"no reason"},{"value":"don't want to mention"}],"sampleValue":{"value":"other"}},{"synonyms":[{"value":"better price is available"},{"value":"cheaper option available"},{"value":"can get it for a cheaper price"},{"value":"getting a cheaper price elsewhere"}],"sampleValue":{"value":"better price available"}},{"synonyms":[{"value":"item is defective"},{"value":"broken"},{"value":"broken item"},{"value":"defective"},{"value":"item doesn't work"}],"sampleValue":{"value":"defective item"}},{"synonyms":[{"value":"damaged item"},{"value":"item damaged"},{"value":"cosmetic damage"},{"value":"mechanical damage"}],"sampleValue":{"value":"damaged"}},{"synonyms":[{"value":"late "},{"value":"late delivery"},{"value":"item came late"},{"value":"delay in delivery"},{"value":"item delivered late"}],"sampleValue":{"value":"item arrived late"}},{"synonyms":[{"value":"item missing"},{"value":"missing"},{"value":"items are missing"},{"value":"some items are missing"},{"value":"attachments are missing"}],"sampleValue":{"value":"missing item"}}],"parentSlotTypeSignature":null,"valueSelectionSetting":{"resolutionStrategy":"TOP_RESOLUTION","advancedRecognitionSetting":null,"regexFilter":null}}