{"name":"SlotConfirmation","identifier":"YQ4SEVJAMV","description":"Conditional slot to recognise words that represent yes or no.","slotTypeValues":[{"synonyms":[{"value":"confirmed"},{"value":"yes"},{"value":"yeah"}],"sampleValue":{"value":"Confirmed"}},{"synonyms":[{"value":"denied"},{"value":"no"},{"value":"nope"}],"sampleValue":{"value":"Denied"}}],"parentSlotTypeSignature":null,"valueSelectionSetting":{"resolutionStrategy":"TOP_RESOLUTION","advancedRecognitionSetting":null,"regexFilter":null}}