{"name":"RefundReplacement","identifier":"VVLGPN0VXG","description":"Recognizes words that represent return or refund.","slotTypeValues":[{"synonyms":[{"value":"refund"},{"value":"compensation"},{"value":"reimbursement"},{"value":"money back"},{"value":"consolation"}],"sampleValue":{"value":"refund"}},{"synonyms":[{"value":"exchange"}],"sampleValue":{"value":"Replacement"}}],"parentSlotTypeSignature":null,"valueSelectionSetting":{"resolutionStrategy":"TOP_RESOLUTION","advancedRecognitionSetting":null,"regexFilter":null}}