{"name":"OrderCancellationReasons","identifier":"7ATPZMRY5P","description":"Recognizes words that represent a reason for order cancellation.","slotTypeValues":[{"synonyms":[{"value":"Expected delivery date has changed"},{"value":"date changed"},{"value":"delay"},{"value":"delay in delivery"},{"value":"late"},{"value":"delivery delayed"},{"value":"delivery date is late"}],"sampleValue":{"value":"changed delivery date"}},{"synonyms":[{"value":"incorrect address"},{"value":"address is wrong"},{"value":"delivered to a wrong address"},{"value":"entered the wrong address"}],"sampleValue":{"value":"wrong address"}},{"synonyms":[{"value":"don't want it"},{"value":"not needed"},{"value":"not needed anymore"},{"value":"don't need it"},{"value":"I don't need it anymore"},{"value":"don't require the item anymore"}],"sampleValue":{"value":"not required"}},{"synonyms":[{"value":"alternative available"},{"value":"got another one"},{"value":"found an alternative"},{"value":"better alternative available"}],"sampleValue":{"value":"alternative available"}},{"synonyms":[{"value":"friends gave bad review"},{"value":"reviews are bad"},{"value":"saw bad reviews"},{"value":"reviews are not good"},{"value":"bad reviews"}],"sampleValue":{"value":"bad review"}},{"synonyms":[{"value":"wrong purchase"},{"value":"purchased by mistake"},{"value":"bought by mistake"},{"value":"purchased the wrong item"}],"sampleValue":{"value":"incorrect purchase"}},{"synonyms":[{"value":"other reason"},{"value":"no reason"},{"value":"don't want to mention"}],"sampleValue":{"value":"other"}}],"parentSlotTypeSignature":null,"valueSelectionSetting":{"resolutionStrategy":"TOP_RESOLUTION","advancedRecognitionSetting":null,"regexFilter":null}}