{"name":"ShipmentReturnMethod","identifier":"QP8RVMYU8B","description":"Recognizes words that represent a mode of return.","slotTypeValues":[{"synonyms":[{"value":"take up"},{"value":"collect"},{"value":"pickup"}],"sampleValue":{"value":"pick up"}},{"synonyms":[{"value":"store dropoff"},{"value":"drop off at store"},{"value":"dropoff store"},{"value":"drop at store"},{"value":"store"},{"value":"dropoff"}],"sampleValue":{"value":"drop off"}}],"parentSlotTypeSignature":null,"valueSelectionSetting":{"resolutionStrategy":"TOP_RESOLUTION","advancedRecognitionSetting":null,"regexFilter":null}}